ASIN,Product_Name,Reviews,Price
B071Z8M4KX,Boat BassHeads 100 in-Ear Headphones,434782,449.0
B07X6GNBNT,Credit Card Bill,393124,10.0
B005FYNT3G,SANDISK Cruzer Blade 32GB,273138,739.0
B0FBRGKXHG,OnePlus Bullets Wireless Z3 in-Ear,230008,1799.0
B0000C73CQ,Fujifilm Instax Mini Picture Format,213344,3190.0
B00A0VCJPI,TP-Link TL-WA850RE N300 Wireless Range,204260,1549.0
B08TV2P1N8,Boat Rockerz 255 Pro+,149165,1199.0
B0FM38916Y,Boat Bassheads 300C Wired Earphones,118455,549.0
B01N54ZM9W,ASIAN Wonder-13 Men's Running Shoe,110847,599.0
B0DNPWJLQC,realme Buds Wireless 5 ANC,92293,1648.0
B00004TZY8,Mattel Uno Playing Card Game,88951,99.0
B0F8BVSK21,Boat Airdopes 141 Gen 2,88839,1099.0
B076B8G5D8,BOYA ByM1 Auxiliary Omnidirectional Lavalier,82398,848.0
B06Y2FG6R7,Allen Solly Men’s Polo T‑Shirt,81308,699.0
B09GP6FBZT,OpenTech® Military-Grade Premium Tempered Glass,67517,277.4
B07JKB2H59,UNO Kid Mattel Games Uno,59729,120.0
B09D8CXJ2Q,DOCTOR EXTRA SOFT Care Diabetic,59499,398.5
B00NHQFA1I,LEGO Classic Medium Creative Brick,55869,1919.0
B0BJ72WZQ7,Noise Twist Round dial Smart,54307,1599.0
B00ADZUNYK,Little's Junior Ring (Plastic,50391,159.0
B017NPCSLI,Juârez Acoustic Guitar Kit,48070,1984.0
B01HJI0FS2,Dell MS116 Wired Mouse,47669,269.0
B077T3BG5L,Zebronics ZEB-KM2100 Multimedia USB Keyboard,45517,249.0
B07HJJTHD1,Van Heusen Men's Cotton Solid,44493,699.0
B0FMDL81GS,OnePlus Nord Buds 3r TWS,44259,1799.0
B010FMJKFS,Jockey 1406 Women's High Coverage,40922,449.0
B07MZM26XG,Amazon Brand - Symbol Men's,38857,369.0
B08P5ML6GK,WildHorn Wildhorn India Brown Leather,37916,597.0
B08DDRGWTJ,XIAOMI Mi Type C Cable,37645,149.0
B098NS6PVG,Ambrane Unbreakable 3A Fast Charging,36708,129.0
B098NS6PVG,Ambrane Unbreakable 3A Fast Charging,36708,129.0
B0B77X44MX,Boldfit Hand Gripper for Men,36206,150.0
B08CF3D7QR,Portronics Konnect L POR-1081 Fast,35214,159.0
B097GR45SS,Safari Pentagon Pro 8 Wheels,35066,1999.0
B075GCYS36,Sparx Mens SS 453 Sandals,34677,616.0
B07CJCGM1M,American Tourister 32 Ltrs Black,34257,899.0
B01IEVIVAC,Yonex Mavis 200i Nylon Shuttle,33488,529.0
B000FI8ER8,Yonex Mavis 350 Green Cap,33288,1115.0
B07MWD4D4W,M MEDLER Epoch Nylon 55,32879,599.0
B08ZJG6TVT,Seagate Expansion 2TB External HDD,32612,12699.0
B0B2F8XS9L,Babique Dog Plush Soft Toy,32176,113.0
B0FT396JRW,SupCares Tempered Glass for Samsung,31540,275.0
B010FMOONG,Jockey 1410 Women's Medium Coverage,31440,499.0
B07PK41FL4,GLUN® Electronic Portable Digital LED,28692,235.0
B076WQ3M5X,Imagimake Mapology India with State,27840,376.2
B08DXGDQF2,DOCTOR EXTRA SOFT House Slipper,27195,377.5
B09RPPS669,Campus Men Oxyfit (N) Walking,26737,698.0
B00HVLUR18,Audio-Technica ATH-M20x Over-Ear Professional Studio,26141,4149.0
B09W5PSTBP,Lifelong PVC Hex Dumbbells Pack,25613,509.0
B098FFTDKT,"Gear Cross Training 9""/29L Large",25425,445.0
B0B6BLTGTT,"Noise Pulse 2 Max 1.85""",25105,1499.0
B0D2DLQMGY,Lavie Women's Betula Tote Handbag,23935,1049.0
B09BFV96TS,Dyazo Water Resistant Laptop Sleeve/Laptop,22665,269.0
B09BFV96TS,Dyazo Water Resistant Laptop Sleeve/Laptop,22665,269.0
B094QZLJQ6,Seagate One Touch 2Tb External,21048,12999.0
B0D7HZ3KK9,OnePlus Nord Buds 3 Pro,20422,3099.0
B0D2R2MXXJ,Samsung Original 25W USB Type-C,19976,750.0
B01DGVKBC6,FEDUS Cat6 Ethernet Cable,19857,259.0
B01DGVKBC6,FEDUS Cat6 Ethernet Cable,19857,259.0
B0DXQFRQZP,Oakter Mini UPS Basic for,19853,899.0
B072FH5KLJ,Juârez JRZ250 One Handed Trigger,19720,161.1
B073X4KMH6,Amazon Brand - Symbol Men's,19420,319.0
B0CBNR2ML6,Mattel Games ​UNO Show ‘em,19400,169.0
B09ZPL5VYM,Ambrane Multipurpose Tabletop Mobile Stand,19352,159.0
B0FPDLT1CC,Trajectory Travel Neck Pillow for,19250,189.0
B085LFPKQB,HORNBULL Denial Navy Leather Wallet,19037,599.0
B08LHTJTBB,Dyazo 6 Angles Adjustable Aluminum,18785,339.0
B00JJJIIE8,Toyzone Baby Panda Kids Magic,18782,1234.0
B08PSHLJGL,Campus Men North Plus Running,17616,1099.0
B073B6TQQY,Intern 38 Inch Acoustic Guitar,17525,1983.0
B07JVPXV2Q,Van Heusen Women’s 100% Cotton,17287,399.0
B0DHSFBRPB,LEGO Speed Champions Oracle Red,17227,1649.0
B08VRGH6NM,Bajaj Pygmy Mini Fan 110MM,17125,899.0
B0B7599YRJ,Boldfit Yoga Mats For Women,16860,299.0
B0B9LDCX89,STRIFF Mpad Mouse Mat 230X190X3mm,16687,99.0
B073WCC5YL,Van Heusen Men’s Cotton Boxer,16664,470.0
B07JPX9CR7,Dell WM118 Wireless Mouse,16520,549.0
B097JJ2CK6,Safari Omega spacious/large laptop backpack,16450,599.0
B097JJ2CK6,Safari Omega spacious/large laptop backpack,16450,599.0
B07M8H2HR4,adidas Men Drogo M Running,16239,1579.0
B09J171VHQ,Jockey 1722 Women's Wirefree Non,16182,499.0
B0002LI658,D'Addario Bronze Acoustic Guitar Strings_(.011-.052_Light,15654,499.0
B0B296NTFV,Portronics Toad 23 Wireless Optical,15283,269.0
B09VTDMRY7,FUR JADEN Anti Theft Number,15264,449.0
B0BL11Q9D3,Kamiliant American Tourister Harrier,15122,1199.0
B082F88NKP,Billebon Premium Neck Pillow for,15020,189.0
B07Q822CWX,GoTrippin by Destinio Weight Machine,14853,610.0
B0BK1457X3,Boldfit Shoe Bag for Travel,14852,179.0
B0FY2G5SY9,Boldfit Skipping Rope for Men,14598,139.0
B014213DS8,Jockey 8037 Men's Super Combed,14538,365.0
B0BCGC1CFV,LuvLap Sunny Ride on &,14302,1099.0
B07YDGQQN5,Fur Jaden 55 LTR Rucksack,14034,795.0
B012SX56OG,Jockey IC28 Men's Tactel Microfiber,13791,599.0
B071KKRY5N,Lux Cozi Men's White Round,13598,329.0
B0DN1RPL19,GOBOULT Mustang Sprint in Ear,13301,1799.0
B071CMQ6N2,YouBella Jewellery Bracelets for Women,13301,142.0
B0B8RSTZ4V,Boldfit Wrist Band for Gym,13296,170.05
B097RJ22Q3,Lavie Sport Polyester Lino Wheel,13011,987.0
B0GMWDK829,UTECTION by VOOK Wireless Mic,12926,2299.0
B084HCJ1VT,Toyshine 120 Pcs 12 Color,12651,169.0
